event_id,event_name,start_date,end_date,date_precision,region,event_type,description,peak_mae_mw,source_title
EVT-SA1-001,SA1 MAE spike - peak 375 MW on 2021-10-23,2021-10-23 15:30:00,2021-10-26 17:30:00,date_range,SA1,mae_spike,"Rolling MAE exceeded mean + 2.0 std (367 MW) between 2021-10-23 15:30:00 and 2021-10-26 17:30:00, peaking at 375 MW on 2021-10-23 23:30:00.",375.0,Auto-detected from rolling MAE
EVT-SA1-002,SA1 MAE spike - peak 370 MW on 2021-11-28,2021-11-27 17:30:00,2021-11-28 14:30:00,date_range,SA1,mae_spike,"Rolling MAE exceeded mean + 2.0 std (367 MW) between 2021-11-27 17:30:00 and 2021-11-28 14:30:00, peaking at 370 MW on 2021-11-28 10:00:00.",370.2,Auto-detected from rolling MAE
EVT-SA1-003,SA1 MAE spike - peak 378 MW on 2021-12-01,2021-11-30 10:30:00,2021-12-01 20:30:00,date_range,SA1,mae_spike,"Rolling MAE exceeded mean + 2.0 std (367 MW) between 2021-11-30 10:30:00 and 2021-12-01 20:30:00, peaking at 378 MW on 2021-12-01 13:00:00.",378.3,Auto-detected from rolling MAE
EVT-SA1-004,SA1 MAE spike - peak 393 MW on 2021-12-29,2021-12-28 07:00:00,2021-12-30 10:00:00,date_range,SA1,mae_spike,"Rolling MAE exceeded mean + 2.0 std (367 MW) between 2021-12-28 07:00:00 and 2021-12-30 10:00:00, peaking at 393 MW on 2021-12-29 10:00:00.",393.3,Auto-detected from rolling MAE
EVT-SA1-005,SA1 MAE spike - peak 371 MW on 2022-01-01,2022-01-01 04:00:00,2022-01-01 08:30:00,day,SA1,mae_spike,"Rolling MAE exceeded mean + 2.0 std (367 MW) between 2022-01-01 04:00:00 and 2022-01-01 08:30:00, peaking at 371 MW on 2022-01-01 06:00:00.",370.6,Auto-detected from rolling MAE
EVT-SA1-006,SA1 MAE spike - peak 380 MW on 2022-06-09,2022-06-06 02:30:00,2022-06-11 15:30:00,date_range,SA1,mae_spike,"Rolling MAE exceeded mean + 2.0 std (367 MW) between 2022-06-06 02:30:00 and 2022-06-11 15:30:00, peaking at 380 MW on 2022-06-09 10:00:00.",380.0,Auto-detected from rolling MAE
EVT-SA1-007,SA1 MAE spike - peak 393 MW on 2022-07-17,2022-07-12 21:30:00,2022-07-23 17:00:00,date_range,SA1,mae_spike,"Rolling MAE exceeded mean + 2.0 std (367 MW) between 2022-07-12 21:30:00 and 2022-07-23 17:00:00, peaking at 393 MW on 2022-07-17 16:30:00.",393.1,Auto-detected from rolling MAE
EVT-SA1-008,SA1 MAE spike - peak 390 MW on 2023-01-02,2022-12-28 18:30:00,2023-01-03 16:00:00,date_range,SA1,mae_spike,"Rolling MAE exceeded mean + 2.0 std (367 MW) between 2022-12-28 18:30:00 and 2023-01-03 16:00:00, peaking at 390 MW on 2023-01-02 16:30:00.",389.6,Auto-detected from rolling MAE
EVT-SA1-009,SA1 MAE spike - peak 451 MW on 2023-02-27,2023-02-24 02:00:00,2023-03-02 03:00:00,date_range,SA1,mae_spike,"Rolling MAE exceeded mean + 2.0 std (367 MW) between 2023-02-24 02:00:00 and 2023-03-02 03:00:00, peaking at 451 MW on 2023-02-27 17:30:00.",450.7,Auto-detected from rolling MAE
EVT-SA1-010,SA1 MAE spike - peak 412 MW on 2023-06-28,2023-06-25 10:30:00,2023-06-29 12:00:00,date_range,SA1,mae_spike,"Rolling MAE exceeded mean + 2.0 std (367 MW) between 2023-06-25 10:30:00 and 2023-06-29 12:00:00, peaking at 412 MW on 2023-06-28 06:00:00.",412.3,Auto-detected from rolling MAE
EVT-SA1-011,SA1 MAE spike - peak 376 MW on 2023-11-08,2023-11-06 22:00:00,2023-11-09 04:00:00,date_range,SA1,mae_spike,"Rolling MAE exceeded mean + 2.0 std (367 MW) between 2023-11-06 22:00:00 and 2023-11-09 04:00:00, peaking at 376 MW on 2023-11-08 02:00:00.",375.6,Auto-detected from rolling MAE
EVT-SA1-012,SA1 MAE spike - peak 369 MW on 2023-11-21,2023-11-21 16:00:00,2023-11-22 08:30:00,date_range,SA1,mae_spike,"Rolling MAE exceeded mean + 2.0 std (367 MW) between 2023-11-21 16:00:00 and 2023-11-22 08:30:00, peaking at 369 MW on 2023-11-21 17:30:00.",369.2,Auto-detected from rolling MAE
EVT-NSW1-001,NSW1 MAE spike - peak 1561 MW on 2021-10-10,2021-10-06 16:30:00,2021-10-11 11:00:00,date_range,NSW1,mae_spike,"Rolling MAE exceeded mean + 2.0 std (1407 MW) between 2021-10-06 16:30:00 and 2021-10-11 11:00:00, peaking at 1561 MW on 2021-10-10 06:30:00.",1560.7,Auto-detected from rolling MAE
EVT-NSW1-002,NSW1 MAE spike - peak 1495 MW on 2022-01-02,2021-12-31 09:00:00,2022-01-03 15:00:00,date_range,NSW1,mae_spike,"Rolling MAE exceeded mean + 2.0 std (1407 MW) between 2021-12-31 09:00:00 and 2022-01-03 15:00:00, peaking at 1495 MW on 2022-01-02 10:30:00.",1495.2,Auto-detected from rolling MAE
EVT-NSW1-003,NSW1 MAE spike - peak 1431 MW on 2022-11-12,2022-11-11 02:00:00,2022-11-13 07:30:00,date_range,NSW1,mae_spike,"Rolling MAE exceeded mean + 2.0 std (1407 MW) between 2022-11-11 02:00:00 and 2022-11-13 07:30:00, peaking at 1431 MW on 2022-11-12 12:30:00.",1431.4,Auto-detected from rolling MAE
EVT-NSW1-004,NSW1 MAE spike - peak 1589 MW on 2022-11-24,2022-11-20 11:00:00,2022-11-28 15:30:00,date_range,NSW1,mae_spike,"Rolling MAE exceeded mean + 2.0 std (1407 MW) between 2022-11-20 11:00:00 and 2022-11-28 15:30:00, peaking at 1589 MW on 2022-11-24 08:00:00.",1589.4,Auto-detected from rolling MAE
EVT-NSW1-005,NSW1 MAE spike - peak 1460 MW on 2022-12-19,2022-12-19 11:00:00,2022-12-22 13:00:00,date_range,NSW1,mae_spike,"Rolling MAE exceeded mean + 2.0 std (1407 MW) between 2022-12-19 11:00:00 and 2022-12-22 13:00:00, peaking at 1460 MW on 2022-12-19 23:00:00.",1460.1,Auto-detected from rolling MAE
EVT-NSW1-006,NSW1 MAE spike - peak 1411 MW on 2023-10-09,2023-10-08 21:30:00,2023-10-09 04:30:00,date_range,NSW1,mae_spike,"Rolling MAE exceeded mean + 2.0 std (1407 MW) between 2023-10-08 21:30:00 and 2023-10-09 04:30:00, peaking at 1411 MW on 2023-10-09 00:30:00.",1411.1,Auto-detected from rolling MAE
EVT-NSW1-007,NSW1 MAE spike - peak 1629 MW on 2023-10-15,2023-10-10 15:00:00,2023-10-27 10:00:00,date_range,NSW1,mae_spike,"Rolling MAE exceeded mean + 2.0 std (1407 MW) between 2023-10-10 15:00:00 and 2023-10-27 10:00:00, peaking at 1629 MW on 2023-10-15 12:00:00.",1628.8,Auto-detected from rolling MAE
EVT-NSW1-008,NSW1 MAE spike - peak 1436 MW on 2023-11-04,2023-11-02 16:30:00,2023-11-04 12:30:00,date_range,NSW1,mae_spike,"Rolling MAE exceeded mean + 2.0 std (1407 MW) between 2023-11-02 16:30:00 and 2023-11-04 12:30:00, peaking at 1436 MW on 2023-11-04 07:00:00.",1435.8,Auto-detected from rolling MAE
EVT-NSW1-009,NSW1 MAE spike - peak 1636 MW on 2023-12-28,2023-12-26 22:30:00,2024-01-01 00:00:00,date_range,NSW1,mae_spike,"Rolling MAE exceeded mean + 2.0 std (1407 MW) between 2023-12-26 22:30:00 and 2024-01-01 00:00:00, peaking at 1636 MW on 2023-12-28 15:00:00.",1635.8,Auto-detected from rolling MAE
